<?xml version="1.0" encoding="UTF-8"?>
<graph xmlns:dc="http://purl.org/dc/elements/1.1/" xmlns:rdf="http://www.w3.org/1999/02/22-rdf-syntax-ns#" xmlns:cy="http://www.cytoscape.org" xmlns="http://www.cs.rpi.edu/XGMML" label=" File Dependencies" Directed="0" Graphic="0" Layout="Circular">
       <att name="documentVersion" value="1.1"/>
       <att name="networkMetadata">
               <rdf:RDF>
                       <rdf:Description rdf:about="http://www.cytoscape.org/">
                               <dc:type>File Dependencies</dc:type>
                               <dc:description/>
                               <dc:identifier>-</dc:identifier>
                               <dc:date/>
                               <dc:title/>
                               <dc:source>http://localhost/?p=</dc:source>
                               <dc:format>Cytoscape-XGMML</dc:format>
                       </rdf:Description>
               </rdf:RDF>
       </att>
   <node id="368" label="Angulo.java id:368">
           <att type="string" name="node.shape" value="rect"/>
           <att type="string" name="node.fontSize" value="5"/>
           <att type="string" name="node.label" value="Angulo.java"/>
           <att type="string" name="longName" value="/Users/rnkazman/Repos/Bundling_project/Angulo/AnguloOriginal/app/src/main/java/eu/domob/angulo/Angulo.java"/>
           <graphics type="RECTANGLE" h="35" w="35" x="0" y="0" fill="#ffffff" width="1" outline="#000000" cy:nodeTransparency="1.0" cy:nodeLabelFont="Default-0-8" cy:borderLineType="solid"/>
   </node>
   <node id="506" label="Matrix.java id:506">
           <att type="string" name="node.shape" value="rect"/>
           <att type="string" name="node.fontSize" value="5"/>
           <att type="string" name="node.label" value="Matrix.java"/>
           <att type="string" name="longName" value="/Users/rnkazman/Repos/Bundling_project/Angulo/AnguloOriginal/app/src/main/java/eu/domob/angulo/Matrix.java"/>
           <graphics type="RECTANGLE" h="35" w="35" x="115" y="0" fill="#ffffff" width="1" outline="#000000" cy:nodeTransparency="1.0" cy:nodeLabelFont="Default-0-8" cy:borderLineType="solid"/>
   </node>
   <node id="325" label="RotationMatrix.java id:325">
           <att type="string" name="node.shape" value="rect"/>
           <att type="string" name="node.fontSize" value="5"/>
           <att type="string" name="node.label" value="RotationMatrix.java"/>
           <att type="string" name="longName" value="/Users/rnkazman/Repos/Bundling_project/Angulo/AnguloOriginal/src/eu/domob/angulo/RotationMatrix.java"/>
           <graphics type="RECTANGLE" h="35" w="35" x="230" y="0" fill="#ffffff" width="1" outline="#000000" cy:nodeTransparency="1.0" cy:nodeLabelFont="Default-0-8" cy:borderLineType="solid"/>
   </node>
   <node id="183" label="RotationMatrix.java id:183">
           <att type="string" name="node.shape" value="rect"/>
           <att type="string" name="node.fontSize" value="5"/>
           <att type="string" name="node.label" value="RotationMatrix.java"/>
           <att type="string" name="longName" value="/Users/rnkazman/Repos/Bundling_project/Angulo/AnguloOriginal/app/src/main/java/eu/domob/angulo/RotationMatrix.java"/>
           <graphics type="RECTANGLE" h="35" w="35" x="0" y="115" fill="#ffffff" width="1" outline="#000000" cy:nodeTransparency="1.0" cy:nodeLabelFont="Default-0-8" cy:borderLineType="solid"/>
   </node>
   <node id="1" label="Angulo.java id:1">
           <att type="string" name="node.shape" value="rect"/>
           <att type="string" name="node.fontSize" value="5"/>
           <att type="string" name="node.label" value="Angulo.java"/>
           <att type="string" name="longName" value="/Users/rnkazman/Repos/Bundling_project/Angulo/AnguloOriginal/src/eu/domob/angulo/Angulo.java"/>
           <graphics type="RECTANGLE" h="35" w="35" x="115" y="115" fill="#ffffff" width="1" outline="#000000" cy:nodeTransparency="1.0" cy:nodeLabelFont="Default-0-8" cy:borderLineType="solid"/>
   </node>
   <node id="287" label="Matrix.java id:287">
           <att type="string" name="node.shape" value="rect"/>
           <att type="string" name="node.fontSize" value="5"/>
           <att type="string" name="node.label" value="Matrix.java"/>
           <att type="string" name="longName" value="/Users/rnkazman/Repos/Bundling_project/Angulo/AnguloOriginal/src/eu/domob/angulo/Matrix.java"/>
           <graphics type="RECTANGLE" h="35" w="35" x="230" y="115" fill="#ffffff" width="1" outline="#000000" cy:nodeTransparency="1.0" cy:nodeLabelFont="Default-0-8" cy:borderLineType="solid"/>
   </node>
   <node id="231" label="R.java id:231">
           <att type="string" name="node.shape" value="rect"/>
           <att type="string" name="node.fontSize" value="5"/>
           <att type="string" name="node.label" value="R.java"/>
           <att type="string" name="longName" value="/Users/rnkazman/Repos/Bundling_project/Angulo/AnguloOriginal/app/build/generated/source/r/androidTest/debug/eu/domob/angulo/test/R.java"/>
           <graphics type="RECTANGLE" h="35" w="35" x="0" y="230" fill="#ffffff" width="1" outline="#000000" cy:nodeTransparency="1.0" cy:nodeLabelFont="Default-0-8" cy:borderLineType="solid"/>
   </node>
   <node id="446" label="R.java id:446">
           <att type="string" name="node.shape" value="rect"/>
           <att type="string" name="node.fontSize" value="5"/>
           <att type="string" name="node.label" value="R.java"/>
           <att type="string" name="longName" value="/Users/rnkazman/Repos/Bundling_project/Angulo/AnguloOriginal/app/build/generated/source/r/debug/eu/domob/angulo/R.java"/>
           <graphics type="RECTANGLE" h="35" w="35" x="115" y="230" fill="#ffffff" width="1" outline="#000000" cy:nodeTransparency="1.0" cy:nodeLabelFont="Default-0-8" cy:borderLineType="solid"/>
   </node>
   <node id="359" label="BuildConfig.java id:359">
           <att type="string" name="node.shape" value="rect"/>
           <att type="string" name="node.fontSize" value="5"/>
           <att type="string" name="node.label" value="BuildConfig.java"/>
           <att type="string" name="longName" value="/Users/rnkazman/Repos/Bundling_project/Angulo/AnguloOriginal/app/build/generated/source/buildConfig/debug/eu/domob/angulo/BuildConfig.java"/>
           <graphics type="RECTANGLE" h="35" w="35" x="230" y="230" fill="#ffffff" width="1" outline="#000000" cy:nodeTransparency="1.0" cy:nodeLabelFont="Default-0-8" cy:borderLineType="solid"/>
   </node>
   <node id="498" label="BuildConfig.java id:498">
           <att type="string" name="node.shape" value="rect"/>
           <att type="string" name="node.fontSize" value="5"/>
           <att type="string" name="node.label" value="BuildConfig.java"/>
           <att type="string" name="longName" value="/Users/rnkazman/Repos/Bundling_project/Angulo/AnguloOriginal/app/build/generated/source/buildConfig/androidTest/debug/eu/domob/angulo/test/BuildConfig.java"/>
           <graphics type="RECTANGLE" h="35" w="35" x="0" y="345" fill="#ffffff" width="1" outline="#000000" cy:nodeTransparency="1.0" cy:nodeLabelFont="Default-0-8" cy:borderLineType="solid"/>
   </node>
   <node id="461" label="Vector.java id:461">
           <att type="string" name="node.shape" value="rect"/>
           <att type="string" name="node.fontSize" value="5"/>
           <att type="string" name="node.label" value="Vector.java"/>
           <att type="string" name="longName" value="/Users/rnkazman/Repos/Bundling_project/Angulo/AnguloOriginal/app/src/main/java/eu/domob/angulo/Vector.java"/>
           <graphics type="RECTANGLE" h="35" w="35" x="115" y="345" fill="#ffffff" width="1" outline="#000000" cy:nodeTransparency="1.0" cy:nodeLabelFont="Default-0-8" cy:borderLineType="solid"/>
   </node>
   <node id="234" label="Vector.java id:234">
           <att type="string" name="node.shape" value="rect"/>
           <att type="string" name="node.fontSize" value="5"/>
           <att type="string" name="node.label" value="Vector.java"/>
           <att type="string" name="longName" value="/Users/rnkazman/Repos/Bundling_project/Angulo/AnguloOriginal/src/eu/domob/angulo/Vector.java"/>
           <graphics type="RECTANGLE" h="35" w="35" x="230" y="345" fill="#ffffff" width="1" outline="#000000" cy:nodeTransparency="1.0" cy:nodeLabelFont="Default-0-8" cy:borderLineType="solid"/>
   </node>
     <edge source="368" target="446" label="Angulo.java(Depends On)R.java">
             <att type="string" name="edge.targetArrowShape" value="ARROW"/>
             <att type="string" name="edge.color" value="#0000FF"/>
             <att type="string" name="canonicalName" value="Angulo.java(Depends On)R.java"/>
             <att type="string" name="interaction" value="Depends On"/>
             <att type="string" name="dependency kind" value="Use"/>
     </edge>
     <edge source="368" target="461" label="Angulo.java(Depends On)Vector.java">
             <att type="string" name="edge.targetArrowShape" value="ARROW"/>
             <att type="string" name="edge.color" value="#0000FF"/>
             <att type="string" name="canonicalName" value="Angulo.java(Depends On)Vector.java"/>
             <att type="string" name="interaction" value="Depends On"/>
             <att type="string" name="dependency kind" value="Call, Typed, Create"/>
     </edge>
     <edge source="368" target="183" label="Angulo.java(Depends On)RotationMatrix.java">
             <att type="string" name="edge.targetArrowShape" value="ARROW"/>
             <att type="string" name="edge.color" value="#0000FF"/>
             <att type="string" name="canonicalName" value="Angulo.java(Depends On)RotationMatrix.java"/>
             <att type="string" name="interaction" value="Depends On"/>
             <att type="string" name="dependency kind" value="Call"/>
     </edge>
     <edge source="506" target="461" label="Matrix.java(Depends On)Vector.java">
             <att type="string" name="edge.targetArrowShape" value="ARROW"/>
             <att type="string" name="edge.color" value="#0000FF"/>
             <att type="string" name="canonicalName" value="Matrix.java(Depends On)Vector.java"/>
             <att type="string" name="interaction" value="Depends On"/>
             <att type="string" name="dependency kind" value="Call, Typed, Create"/>
     </edge>
     <edge source="325" target="506" label="RotationMatrix.java(Depends On)Matrix.java">
             <att type="string" name="edge.targetArrowShape" value="ARROW"/>
             <att type="string" name="edge.color" value="#0000FF"/>
             <att type="string" name="canonicalName" value="RotationMatrix.java(Depends On)Matrix.java"/>
             <att type="string" name="interaction" value="Depends On"/>
             <att type="string" name="dependency kind" value="Extend, Call, Typed, Use"/>
     </edge>
     <edge source="325" target="461" label="RotationMatrix.java(Depends On)Vector.java">
             <att type="string" name="edge.targetArrowShape" value="ARROW"/>
             <att type="string" name="edge.color" value="#0000FF"/>
             <att type="string" name="canonicalName" value="RotationMatrix.java(Depends On)Vector.java"/>
             <att type="string" name="interaction" value="Depends On"/>
             <att type="string" name="dependency kind" value="Call, Typed, Create"/>
     </edge>
     <edge source="183" target="506" label="RotationMatrix.java(Depends On)Matrix.java">
             <att type="string" name="edge.targetArrowShape" value="ARROW"/>
             <att type="string" name="edge.color" value="#0000FF"/>
             <att type="string" name="canonicalName" value="RotationMatrix.java(Depends On)Matrix.java"/>
             <att type="string" name="interaction" value="Depends On"/>
             <att type="string" name="dependency kind" value="Extend, Call, Typed, Use"/>
     </edge>
     <edge source="183" target="461" label="RotationMatrix.java(Depends On)Vector.java">
             <att type="string" name="edge.targetArrowShape" value="ARROW"/>
             <att type="string" name="edge.color" value="#0000FF"/>
             <att type="string" name="canonicalName" value="RotationMatrix.java(Depends On)Vector.java"/>
             <att type="string" name="interaction" value="Depends On"/>
             <att type="string" name="dependency kind" value="Call, Typed, Create"/>
     </edge>
     <edge source="1" target="446" label="Angulo.java(Depends On)R.java">
             <att type="string" name="edge.targetArrowShape" value="ARROW"/>
             <att type="string" name="edge.color" value="#0000FF"/>
             <att type="string" name="canonicalName" value="Angulo.java(Depends On)R.java"/>
             <att type="string" name="interaction" value="Depends On"/>
             <att type="string" name="dependency kind" value="Use"/>
     </edge>
     <edge source="1" target="461" label="Angulo.java(Depends On)Vector.java">
             <att type="string" name="edge.targetArrowShape" value="ARROW"/>
             <att type="string" name="edge.color" value="#0000FF"/>
             <att type="string" name="canonicalName" value="Angulo.java(Depends On)Vector.java"/>
             <att type="string" name="interaction" value="Depends On"/>
             <att type="string" name="dependency kind" value="Call, Typed, Create"/>
     </edge>
     <edge source="1" target="183" label="Angulo.java(Depends On)RotationMatrix.java">
             <att type="string" name="edge.targetArrowShape" value="ARROW"/>
             <att type="string" name="edge.color" value="#0000FF"/>
             <att type="string" name="canonicalName" value="Angulo.java(Depends On)RotationMatrix.java"/>
             <att type="string" name="interaction" value="Depends On"/>
             <att type="string" name="dependency kind" value="Call"/>
     </edge>
     <edge source="287" target="461" label="Matrix.java(Depends On)Vector.java">
             <att type="string" name="edge.targetArrowShape" value="ARROW"/>
             <att type="string" name="edge.color" value="#0000FF"/>
             <att type="string" name="canonicalName" value="Matrix.java(Depends On)Vector.java"/>
             <att type="string" name="interaction" value="Depends On"/>
             <att type="string" name="dependency kind" value="Call, Typed, Create"/>
     </edge>
</graph>