<?xml version="1.0" encoding="UTF-8"?>
<graph xmlns:dc="http://purl.org/dc/elements/1.1/" xmlns:rdf="http://www.w3.org/1999/02/22-rdf-syntax-ns#" xmlns:cy="http://www.cytoscape.org" xmlns="http://www.cs.rpi.edu/XGMML" label=" File Dependencies" Directed="0" Graphic="0" Layout="Circular">
       <att name="documentVersion" value="1.1"/>
       <att name="networkMetadata">
               <rdf:RDF>
                       <rdf:Description rdf:about="http://www.cytoscape.org/">
                               <dc:type>File Dependencies</dc:type>
                               <dc:description/>
                               <dc:identifier>-</dc:identifier>
                               <dc:date/>
                               <dc:title/>
                               <dc:source>http://localhost/?p=</dc:source>
                               <dc:format>Cytoscape-XGMML</dc:format>
                       </rdf:Description>
               </rdf:RDF>
       </att>
   <node id="9280" label="paletteUtils.java id:9280">
           <att type="string" name="node.shape" value="rect"/>
           <att type="string" name="node.fontSize" value="5"/>
           <att type="string" name="node.label" value="paletteUtils.java"/>
           <att type="string" name="longName" value="/Users/rnkazman/Repos/Bundling_project/colorPicker/colorPickerOriginal/cpl/src/main/java/com/enrico/colorpicker/paletteUtils.java"/>
           <graphics type="RECTANGLE" h="35" w="35" x="0" y="0" fill="#ffffff" width="1" outline="#000000" cy:nodeTransparency="1.0" cy:nodeLabelFont="Default-0-8" cy:borderLineType="solid"/>
   </node>
   <node id="9644" label="aaTextWatcher.java id:9644">
           <att type="string" name="node.shape" value="rect"/>
           <att type="string" name="node.fontSize" value="5"/>
           <att type="string" name="node.label" value="aaTextWatcher.java"/>
           <att type="string" name="longName" value="/Users/rnkazman/Repos/Bundling_project/colorPicker/colorPickerOriginal/cpl/src/main/java/com/enrico/colorpicker/aaTextWatcher.java"/>
           <graphics type="RECTANGLE" h="35" w="35" x="115" y="0" fill="#ffffff" width="1" outline="#000000" cy:nodeTransparency="1.0" cy:nodeLabelFont="Default-0-8" cy:borderLineType="solid"/>
   </node>
   <node id="12752" label="PreferenceActivity.java id:12752">
           <att type="string" name="node.shape" value="rect"/>
           <att type="string" name="node.fontSize" value="5"/>
           <att type="string" name="node.label" value="PreferenceActivity.java"/>
           <att type="string" name="longName" value="/Users/rnkazman/Repos/Bundling_project/colorPicker/colorPickerOriginal/app/src/main/java/com/enrico/sample/PreferenceActivity.java"/>
           <graphics type="RECTANGLE" h="35" w="35" x="230" y="0" fill="#ffffff" width="1" outline="#000000" cy:nodeTransparency="1.0" cy:nodeLabelFont="Default-0-8" cy:borderLineType="solid"/>
   </node>
   <node id="9253" label="Preferences.java id:9253">
           <att type="string" name="node.shape" value="rect"/>
           <att type="string" name="node.fontSize" value="5"/>
           <att type="string" name="node.label" value="Preferences.java"/>
           <att type="string" name="longName" value="/Users/rnkazman/Repos/Bundling_project/colorPicker/colorPickerOriginal/app/src/main/java/com/enrico/sample/Preferences.java"/>
           <graphics type="RECTANGLE" h="35" w="35" x="345" y="0" fill="#ffffff" width="1" outline="#000000" cy:nodeTransparency="1.0" cy:nodeLabelFont="Default-0-8" cy:borderLineType="solid"/>
   </node>
   <node id="9671" label="colorUtils.java id:9671">
           <att type="string" name="node.shape" value="rect"/>
           <att type="string" name="node.fontSize" value="5"/>
           <att type="string" name="node.label" value="colorUtils.java"/>
           <att type="string" name="longName" value="/Users/rnkazman/Repos/Bundling_project/colorPicker/colorPickerOriginal/cpl/src/main/java/com/enrico/colorpicker/colorUtils.java"/>
           <graphics type="RECTANGLE" h="35" w="35" x="460" y="0" fill="#ffffff" width="1" outline="#000000" cy:nodeTransparency="1.0" cy:nodeLabelFont="Default-0-8" cy:borderLineType="solid"/>
   </node>
   <node id="4554" label="seekbarUtils.java id:4554">
           <att type="string" name="node.shape" value="rect"/>
           <att type="string" name="node.fontSize" value="5"/>
           <att type="string" name="node.label" value="seekbarUtils.java"/>
           <att type="string" name="longName" value="/Users/rnkazman/Repos/Bundling_project/colorPicker/colorPickerOriginal/cpl/src/main/java/com/enrico/colorpicker/seekbarUtils.java"/>
           <graphics type="RECTANGLE" h="35" w="35" x="0" y="115" fill="#ffffff" width="1" outline="#000000" cy:nodeTransparency="1.0" cy:nodeLabelFont="Default-0-8" cy:borderLineType="solid"/>
   </node>
   <node id="9587" label="hexTextWatcher.java id:9587">
           <att type="string" name="node.shape" value="rect"/>
           <att type="string" name="node.fontSize" value="5"/>
           <att type="string" name="node.label" value="hexTextWatcher.java"/>
           <att type="string" name="longName" value="/Users/rnkazman/Repos/Bundling_project/colorPicker/colorPickerOriginal/cpl/src/main/java/com/enrico/colorpicker/hexTextWatcher.java"/>
           <graphics type="RECTANGLE" h="35" w="35" x="115" y="115" fill="#ffffff" width="1" outline="#000000" cy:nodeTransparency="1.0" cy:nodeLabelFont="Default-0-8" cy:borderLineType="solid"/>
   </node>
   <node id="12656" label="viewUtils.java id:12656">
           <att type="string" name="node.shape" value="rect"/>
           <att type="string" name="node.fontSize" value="5"/>
           <att type="string" name="node.label" value="viewUtils.java"/>
           <att type="string" name="longName" value="/Users/rnkazman/Repos/Bundling_project/colorPicker/colorPickerOriginal/cpl/src/main/java/com/enrico/colorpicker/viewUtils.java"/>
           <graphics type="RECTANGLE" h="35" w="35" x="230" y="115" fill="#ffffff" width="1" outline="#000000" cy:nodeTransparency="1.0" cy:nodeLabelFont="Default-0-8" cy:borderLineType="solid"/>
   </node>
   <node id="9387" label="colorDialog.java id:9387">
           <att type="string" name="node.shape" value="rect"/>
           <att type="string" name="node.fontSize" value="5"/>
           <att type="string" name="node.label" value="colorDialog.java"/>
           <att type="string" name="longName" value="/Users/rnkazman/Repos/Bundling_project/colorPicker/colorPickerOriginal/cpl/src/main/java/com/enrico/colorpicker/colorDialog.java"/>
           <graphics type="RECTANGLE" h="35" w="35" x="345" y="115" fill="#ffffff" width="1" outline="#000000" cy:nodeTransparency="1.0" cy:nodeLabelFont="Default-0-8" cy:borderLineType="solid"/>
   </node>
   <node id="14476" label="rgbTextWatcher.java id:14476">
           <att type="string" name="node.shape" value="rect"/>
           <att type="string" name="node.fontSize" value="5"/>
           <att type="string" name="node.label" value="rgbTextWatcher.java"/>
           <att type="string" name="longName" value="/Users/rnkazman/Repos/Bundling_project/colorPicker/colorPickerOriginal/cpl/src/main/java/com/enrico/colorpicker/rgbTextWatcher.java"/>
           <graphics type="RECTANGLE" h="35" w="35" x="460" y="115" fill="#ffffff" width="1" outline="#000000" cy:nodeTransparency="1.0" cy:nodeLabelFont="Default-0-8" cy:borderLineType="solid"/>
   </node>
   <node id="14439" label="MainActivity.java id:14439">
           <att type="string" name="node.shape" value="rect"/>
           <att type="string" name="node.fontSize" value="5"/>
           <att type="string" name="node.label" value="MainActivity.java"/>
           <att type="string" name="longName" value="/Users/rnkazman/Repos/Bundling_project/colorPicker/colorPickerOriginal/app/src/main/java/com/enrico/sample/MainActivity.java"/>
           <graphics type="RECTANGLE" h="35" w="35" x="0" y="230" fill="#ffffff" width="1" outline="#000000" cy:nodeTransparency="1.0" cy:nodeLabelFont="Default-0-8" cy:borderLineType="solid"/>
   </node>
   <node id="7806" label="BuildConfig.java id:7806">
           <att type="string" name="node.shape" value="rect"/>
           <att type="string" name="node.fontSize" value="5"/>
           <att type="string" name="node.label" value="BuildConfig.java"/>
           <att type="string" name="longName" value="/Users/rnkazman/Repos/Bundling_project/colorPicker/colorPickerOriginal/app/build/generated/source/buildConfig/debug/com/enrico/sample/BuildConfig.java"/>
           <graphics type="RECTANGLE" h="35" w="35" x="115" y="230" fill="#ffffff" width="1" outline="#000000" cy:nodeTransparency="1.0" cy:nodeLabelFont="Default-0-8" cy:borderLineType="solid"/>
   </node>
   <node id="7815" label="R.java id:7815">
           <att type="string" name="node.shape" value="rect"/>
           <att type="string" name="node.fontSize" value="5"/>
           <att type="string" name="node.label" value="R.java"/>
           <att type="string" name="longName" value="/Users/rnkazman/Repos/Bundling_project/colorPicker/colorPickerOriginal/cpl/build/generated/source/r/debug/android/support/v7/appcompat/R.java"/>
           <graphics type="RECTANGLE" h="35" w="35" x="230" y="230" fill="#ffffff" width="1" outline="#000000" cy:nodeTransparency="1.0" cy:nodeLabelFont="Default-0-8" cy:borderLineType="solid"/>
   </node>
   <node id="1" label="R.java id:1">
           <att type="string" name="node.shape" value="rect"/>
           <att type="string" name="node.fontSize" value="5"/>
           <att type="string" name="node.label" value="R.java"/>
           <att type="string" name="longName" value="/Users/rnkazman/Repos/Bundling_project/colorPicker/colorPickerOriginal/cpl/build/generated/source/r/androidTest/debug/com/enrico/colorpicker/test/R.java"/>
           <graphics type="RECTANGLE" h="35" w="35" x="345" y="230" fill="#ffffff" width="1" outline="#000000" cy:nodeTransparency="1.0" cy:nodeLabelFont="Default-0-8" cy:borderLineType="solid"/>
   </node>
   <node id="1559" label="R.java id:1559">
           <att type="string" name="node.shape" value="rect"/>
           <att type="string" name="node.fontSize" value="5"/>
           <att type="string" name="node.label" value="R.java"/>
           <att type="string" name="longName" value="/Users/rnkazman/Repos/Bundling_project/colorPicker/colorPickerOriginal/cpl/build/generated/source/r/release/com/enrico/colorpicker/R.java"/>
           <graphics type="RECTANGLE" h="35" w="35" x="460" y="230" fill="#ffffff" width="1" outline="#000000" cy:nodeTransparency="1.0" cy:nodeLabelFont="Default-0-8" cy:borderLineType="solid"/>
   </node>
   <node id="6253" label="R.java id:6253">
           <att type="string" name="node.shape" value="rect"/>
           <att type="string" name="node.fontSize" value="5"/>
           <att type="string" name="node.label" value="R.java"/>
           <att type="string" name="longName" value="/Users/rnkazman/Repos/Bundling_project/colorPicker/colorPickerOriginal/cpl/build/generated/source/r/androidTest/debug/com/enrico/colorpicker/R.java"/>
           <graphics type="RECTANGLE" h="35" w="35" x="0" y="345" fill="#ffffff" width="1" outline="#000000" cy:nodeTransparency="1.0" cy:nodeLabelFont="Default-0-8" cy:borderLineType="solid"/>
   </node>
   <node id="9699" label="R.java id:9699">
           <att type="string" name="node.shape" value="rect"/>
           <att type="string" name="node.fontSize" value="5"/>
           <att type="string" name="node.label" value="R.java"/>
           <att type="string" name="longName" value="/Users/rnkazman/Repos/Bundling_project/colorPicker/colorPickerOriginal/cpl/build/generated/source/r/androidTest/debug/android/support/v7/appcompat/R.java"/>
           <graphics type="RECTANGLE" h="35" w="35" x="115" y="345" fill="#ffffff" width="1" outline="#000000" cy:nodeTransparency="1.0" cy:nodeLabelFont="Default-0-8" cy:borderLineType="solid"/>
   </node>
   <node id="14468" label="BuildConfig.java id:14468">
           <att type="string" name="node.shape" value="rect"/>
           <att type="string" name="node.fontSize" value="5"/>
           <att type="string" name="node.label" value="BuildConfig.java"/>
           <att type="string" name="longName" value="/Users/rnkazman/Repos/Bundling_project/colorPicker/colorPickerOriginal/cpl/build/generated/source/buildConfig/androidTest/debug/com/enrico/colorpicker/test/BuildConfig.java"/>
           <graphics type="RECTANGLE" h="35" w="35" x="230" y="345" fill="#ffffff" width="1" outline="#000000" cy:nodeTransparency="1.0" cy:nodeLabelFont="Default-0-8" cy:borderLineType="solid"/>
   </node>
   <node id="14407" label="editsUtils.java id:14407">
           <att type="string" name="node.shape" value="rect"/>
           <att type="string" name="node.fontSize" value="5"/>
           <att type="string" name="node.label" value="editsUtils.java"/>
           <att type="string" name="longName" value="/Users/rnkazman/Repos/Bundling_project/colorPicker/colorPickerOriginal/cpl/src/main/java/com/enrico/colorpicker/editsUtils.java"/>
           <graphics type="RECTANGLE" h="35" w="35" x="345" y="345" fill="#ffffff" width="1" outline="#000000" cy:nodeTransparency="1.0" cy:nodeLabelFont="Default-0-8" cy:borderLineType="solid"/>
   </node>
   <node id="12647" label="BuildConfig.java id:12647">
           <att type="string" name="node.shape" value="rect"/>
           <att type="string" name="node.fontSize" value="5"/>
           <att type="string" name="node.label" value="BuildConfig.java"/>
           <att type="string" name="longName" value="/Users/rnkazman/Repos/Bundling_project/colorPicker/colorPickerOriginal/app/build/generated/source/buildConfig/androidTest/debug/com/enrico/sample/test/BuildConfig.java"/>
           <graphics type="RECTANGLE" h="35" w="35" x="460" y="345" fill="#ffffff" width="1" outline="#000000" cy:nodeTransparency="1.0" cy:nodeLabelFont="Default-0-8" cy:borderLineType="solid"/>
   </node>
   <node id="11137" label="R.java id:11137">
           <att type="string" name="node.shape" value="rect"/>
           <att type="string" name="node.fontSize" value="5"/>
           <att type="string" name="node.label" value="R.java"/>
           <att type="string" name="longName" value="/Users/rnkazman/Repos/Bundling_project/colorPicker/colorPickerOriginal/app/build/generated/source/r/debug/com/enrico/colorpicker/R.java"/>
           <graphics type="RECTANGLE" h="35" w="35" x="0" y="460" fill="#ffffff" width="1" outline="#000000" cy:nodeTransparency="1.0" cy:nodeLabelFont="Default-0-8" cy:borderLineType="solid"/>
   </node>
   <node id="9636" label="BuildConfig.java id:9636">
           <att type="string" name="node.shape" value="rect"/>
           <att type="string" name="node.fontSize" value="5"/>
           <att type="string" name="node.label" value="BuildConfig.java"/>
           <att type="string" name="longName" value="/Users/rnkazman/Repos/Bundling_project/colorPicker/colorPickerOriginal/cpl/build/generated/source/buildConfig/release/com/enrico/colorpicker/BuildConfig.java"/>
           <graphics type="RECTANGLE" h="35" w="35" x="115" y="460" fill="#ffffff" width="1" outline="#000000" cy:nodeTransparency="1.0" cy:nodeLabelFont="Default-0-8" cy:borderLineType="solid"/>
   </node>
   <node id="3112" label="R.java id:3112">
           <att type="string" name="node.shape" value="rect"/>
           <att type="string" name="node.fontSize" value="5"/>
           <att type="string" name="node.label" value="R.java"/>
           <att type="string" name="longName" value="/Users/rnkazman/Repos/Bundling_project/colorPicker/colorPickerOriginal/cpl/build/generated/source/r/release/android/support/v7/appcompat/R.java"/>
           <graphics type="RECTANGLE" h="35" w="35" x="230" y="460" fill="#ffffff" width="1" outline="#000000" cy:nodeTransparency="1.0" cy:nodeLabelFont="Default-0-8" cy:borderLineType="solid"/>
   </node>
   <node id="4691" label="R.java id:4691">
           <att type="string" name="node.shape" value="rect"/>
           <att type="string" name="node.fontSize" value="5"/>
           <att type="string" name="node.label" value="R.java"/>
           <att type="string" name="longName" value="/Users/rnkazman/Repos/Bundling_project/colorPicker/colorPickerOriginal/cpl/build/generated/source/r/debug/com/enrico/colorpicker/R.java"/>
           <graphics type="RECTANGLE" h="35" w="35" x="345" y="460" fill="#ffffff" width="1" outline="#000000" cy:nodeTransparency="1.0" cy:nodeLabelFont="Default-0-8" cy:borderLineType="solid"/>
   </node>
   <node id="6244" label="BuildConfig.java id:6244">
           <att type="string" name="node.shape" value="rect"/>
           <att type="string" name="node.fontSize" value="5"/>
           <att type="string" name="node.label" value="BuildConfig.java"/>
           <att type="string" name="longName" value="/Users/rnkazman/Repos/Bundling_project/colorPicker/colorPickerOriginal/cpl/build/generated/source/buildConfig/debug/com/enrico/colorpicker/BuildConfig.java"/>
           <graphics type="RECTANGLE" h="35" w="35" x="460" y="460" fill="#ffffff" width="1" outline="#000000" cy:nodeTransparency="1.0" cy:nodeLabelFont="Default-0-8" cy:borderLineType="solid"/>
   </node>
   <node id="14497" label="R.java id:14497">
           <att type="string" name="node.shape" value="rect"/>
           <att type="string" name="node.fontSize" value="5"/>
           <att type="string" name="node.label" value="R.java"/>
           <att type="string" name="longName" value="/Users/rnkazman/Repos/Bundling_project/colorPicker/colorPickerOriginal/app/build/generated/source/r/debug/android/support/v7/appcompat/R.java"/>
           <graphics type="RECTANGLE" h="35" w="35" x="0" y="575" fill="#ffffff" width="1" outline="#000000" cy:nodeTransparency="1.0" cy:nodeLabelFont="Default-0-8" cy:borderLineType="solid"/>
   </node>
   <node id="12838" label="R.java id:12838">
           <att type="string" name="node.shape" value="rect"/>
           <att type="string" name="node.fontSize" value="5"/>
           <att type="string" name="node.label" value="R.java"/>
           <att type="string" name="longName" value="/Users/rnkazman/Repos/Bundling_project/colorPicker/colorPickerOriginal/app/build/generated/source/r/debug/com/enrico/sample/R.java"/>
           <graphics type="RECTANGLE" h="35" w="35" x="115" y="575" fill="#ffffff" width="1" outline="#000000" cy:nodeTransparency="1.0" cy:nodeLabelFont="Default-0-8" cy:borderLineType="solid"/>
   </node>
     <edge source="9280" target="9671" label="paletteUtils.java(Depends On)colorUtils.java">
             <att type="string" name="edge.targetArrowShape" value="ARROW"/>
             <att type="string" name="edge.color" value="#0000FF"/>
             <att type="string" name="canonicalName" value="paletteUtils.java(Depends On)colorUtils.java"/>
             <att type="string" name="interaction" value="Depends On"/>
             <att type="string" name="dependency kind" value="Call"/>
     </edge>
     <edge source="9280" target="12656" label="paletteUtils.java(Depends On)viewUtils.java">
             <att type="string" name="edge.targetArrowShape" value="ARROW"/>
             <att type="string" name="edge.color" value="#0000FF"/>
             <att type="string" name="canonicalName" value="paletteUtils.java(Depends On)viewUtils.java"/>
             <att type="string" name="interaction" value="Depends On"/>
             <att type="string" name="dependency kind" value="Call"/>
     </edge>
     <edge source="9644" target="14407" label="aaTextWatcher.java(Depends On)editsUtils.java">
             <att type="string" name="edge.targetArrowShape" value="ARROW"/>
             <att type="string" name="edge.color" value="#0000FF"/>
             <att type="string" name="canonicalName" value="aaTextWatcher.java(Depends On)editsUtils.java"/>
             <att type="string" name="interaction" value="Depends On"/>
             <att type="string" name="dependency kind" value="Call"/>
     </edge>
     <edge source="9644" target="11137" label="aaTextWatcher.java(Depends On)R.java">
             <att type="string" name="edge.targetArrowShape" value="ARROW"/>
             <att type="string" name="edge.color" value="#0000FF"/>
             <att type="string" name="canonicalName" value="aaTextWatcher.java(Depends On)R.java"/>
             <att type="string" name="interaction" value="Depends On"/>
             <att type="string" name="dependency kind" value="Use"/>
     </edge>
     <edge source="9644" target="12656" label="aaTextWatcher.java(Depends On)viewUtils.java">
             <att type="string" name="edge.targetArrowShape" value="ARROW"/>
             <att type="string" name="edge.color" value="#0000FF"/>
             <att type="string" name="canonicalName" value="aaTextWatcher.java(Depends On)viewUtils.java"/>
             <att type="string" name="interaction" value="Depends On"/>
             <att type="string" name="dependency kind" value="Call"/>
     </edge>
     <edge source="12752" target="9253" label="PreferenceActivity.java(Depends On)Preferences.java">
             <att type="string" name="edge.targetArrowShape" value="ARROW"/>
             <att type="string" name="edge.color" value="#0000FF"/>
             <att type="string" name="canonicalName" value="PreferenceActivity.java(Depends On)Preferences.java"/>
             <att type="string" name="interaction" value="Depends On"/>
             <att type="string" name="dependency kind" value="Call"/>
     </edge>
     <edge source="12752" target="9387" label="PreferenceActivity.java(Depends On)colorDialog.java">
             <att type="string" name="edge.targetArrowShape" value="ARROW"/>
             <att type="string" name="edge.color" value="#0000FF"/>
             <att type="string" name="canonicalName" value="PreferenceActivity.java(Depends On)colorDialog.java"/>
             <att type="string" name="interaction" value="Depends On"/>
             <att type="string" name="dependency kind" value="Implement, Call, Import"/>
     </edge>
     <edge source="12752" target="12838" label="PreferenceActivity.java(Depends On)R.java">
             <att type="string" name="edge.targetArrowShape" value="ARROW"/>
             <att type="string" name="edge.color" value="#0000FF"/>
             <att type="string" name="canonicalName" value="PreferenceActivity.java(Depends On)R.java"/>
             <att type="string" name="interaction" value="Depends On"/>
             <att type="string" name="dependency kind" value="Use"/>
     </edge>
     <edge source="9253" target="12838" label="Preferences.java(Depends On)R.java">
             <att type="string" name="edge.targetArrowShape" value="ARROW"/>
             <att type="string" name="edge.color" value="#0000FF"/>
             <att type="string" name="canonicalName" value="Preferences.java(Depends On)R.java"/>
             <att type="string" name="interaction" value="Depends On"/>
             <att type="string" name="dependency kind" value="Use"/>
     </edge>
     <edge source="9671" target="11137" label="colorUtils.java(Depends On)R.java">
             <att type="string" name="edge.targetArrowShape" value="ARROW"/>
             <att type="string" name="edge.color" value="#0000FF"/>
             <att type="string" name="canonicalName" value="colorUtils.java(Depends On)R.java"/>
             <att type="string" name="interaction" value="Depends On"/>
             <att type="string" name="dependency kind" value="Use"/>
     </edge>
     <edge source="4554" target="9671" label="seekbarUtils.java(Depends On)colorUtils.java">
             <att type="string" name="edge.targetArrowShape" value="ARROW"/>
             <att type="string" name="edge.color" value="#0000FF"/>
             <att type="string" name="canonicalName" value="seekbarUtils.java(Depends On)colorUtils.java"/>
             <att type="string" name="interaction" value="Depends On"/>
             <att type="string" name="dependency kind" value="Call"/>
     </edge>
     <edge source="4554" target="14407" label="seekbarUtils.java(Depends On)editsUtils.java">
             <att type="string" name="edge.targetArrowShape" value="ARROW"/>
             <att type="string" name="edge.color" value="#0000FF"/>
             <att type="string" name="canonicalName" value="seekbarUtils.java(Depends On)editsUtils.java"/>
             <att type="string" name="interaction" value="Depends On"/>
             <att type="string" name="dependency kind" value="Call"/>
     </edge>
     <edge source="4554" target="12656" label="seekbarUtils.java(Depends On)viewUtils.java">
             <att type="string" name="edge.targetArrowShape" value="ARROW"/>
             <att type="string" name="edge.color" value="#0000FF"/>
             <att type="string" name="canonicalName" value="seekbarUtils.java(Depends On)viewUtils.java"/>
             <att type="string" name="interaction" value="Depends On"/>
             <att type="string" name="dependency kind" value="Call"/>
     </edge>
     <edge source="9587" target="11137" label="hexTextWatcher.java(Depends On)R.java">
             <att type="string" name="edge.targetArrowShape" value="ARROW"/>
             <att type="string" name="edge.color" value="#0000FF"/>
             <att type="string" name="canonicalName" value="hexTextWatcher.java(Depends On)R.java"/>
             <att type="string" name="interaction" value="Depends On"/>
             <att type="string" name="dependency kind" value="Use"/>
     </edge>
     <edge source="9587" target="12656" label="hexTextWatcher.java(Depends On)viewUtils.java">
             <att type="string" name="edge.targetArrowShape" value="ARROW"/>
             <att type="string" name="edge.color" value="#0000FF"/>
             <att type="string" name="canonicalName" value="hexTextWatcher.java(Depends On)viewUtils.java"/>
             <att type="string" name="interaction" value="Depends On"/>
             <att type="string" name="dependency kind" value="Call"/>
     </edge>
     <edge source="12656" target="9671" label="viewUtils.java(Depends On)colorUtils.java">
             <att type="string" name="edge.targetArrowShape" value="ARROW"/>
             <att type="string" name="edge.color" value="#0000FF"/>
             <att type="string" name="canonicalName" value="viewUtils.java(Depends On)colorUtils.java"/>
             <att type="string" name="interaction" value="Depends On"/>
             <att type="string" name="dependency kind" value="Call"/>
     </edge>
     <edge source="12656" target="4554" label="viewUtils.java(Depends On)seekbarUtils.java">
             <att type="string" name="edge.targetArrowShape" value="ARROW"/>
             <att type="string" name="edge.color" value="#0000FF"/>
             <att type="string" name="canonicalName" value="viewUtils.java(Depends On)seekbarUtils.java"/>
             <att type="string" name="interaction" value="Depends On"/>
             <att type="string" name="dependency kind" value="Call"/>
     </edge>
     <edge source="12656" target="9387" label="viewUtils.java(Depends On)colorDialog.java">
             <att type="string" name="edge.targetArrowShape" value="ARROW"/>
             <att type="string" name="edge.color" value="#0000FF"/>
             <att type="string" name="canonicalName" value="viewUtils.java(Depends On)colorDialog.java"/>
             <att type="string" name="interaction" value="Depends On"/>
             <att type="string" name="dependency kind" value="Call"/>
     </edge>
     <edge source="9387" target="9644" label="colorDialog.java(Depends On)aaTextWatcher.java">
             <att type="string" name="edge.targetArrowShape" value="ARROW"/>
             <att type="string" name="edge.color" value="#0000FF"/>
             <att type="string" name="canonicalName" value="colorDialog.java(Depends On)aaTextWatcher.java"/>
             <att type="string" name="interaction" value="Depends On"/>
             <att type="string" name="dependency kind" value="Call, Create"/>
     </edge>
     <edge source="9387" target="9280" label="colorDialog.java(Depends On)paletteUtils.java">
             <att type="string" name="edge.targetArrowShape" value="ARROW"/>
             <att type="string" name="edge.color" value="#0000FF"/>
             <att type="string" name="canonicalName" value="colorDialog.java(Depends On)paletteUtils.java"/>
             <att type="string" name="interaction" value="Depends On"/>
             <att type="string" name="dependency kind" value="Call"/>
     </edge>
     <edge source="9387" target="9671" label="colorDialog.java(Depends On)colorUtils.java">
             <att type="string" name="edge.targetArrowShape" value="ARROW"/>
             <att type="string" name="edge.color" value="#0000FF"/>
             <att type="string" name="canonicalName" value="colorDialog.java(Depends On)colorUtils.java"/>
             <att type="string" name="interaction" value="Depends On"/>
             <att type="string" name="dependency kind" value="Call"/>
     </edge>
     <edge source="9387" target="14407" label="colorDialog.java(Depends On)editsUtils.java">
             <att type="string" name="edge.targetArrowShape" value="ARROW"/>
             <att type="string" name="edge.color" value="#0000FF"/>
             <att type="string" name="canonicalName" value="colorDialog.java(Depends On)editsUtils.java"/>
             <att type="string" name="interaction" value="Depends On"/>
             <att type="string" name="dependency kind" value="Call"/>
     </edge>
     <edge source="9387" target="11137" label="colorDialog.java(Depends On)R.java">
             <att type="string" name="edge.targetArrowShape" value="ARROW"/>
             <att type="string" name="edge.color" value="#0000FF"/>
             <att type="string" name="canonicalName" value="colorDialog.java(Depends On)R.java"/>
             <att type="string" name="interaction" value="Depends On"/>
             <att type="string" name="dependency kind" value="Use"/>
     </edge>
     <edge source="9387" target="9587" label="colorDialog.java(Depends On)hexTextWatcher.java">
             <att type="string" name="edge.targetArrowShape" value="ARROW"/>
             <att type="string" name="edge.color" value="#0000FF"/>
             <att type="string" name="canonicalName" value="colorDialog.java(Depends On)hexTextWatcher.java"/>
             <att type="string" name="interaction" value="Depends On"/>
             <att type="string" name="dependency kind" value="Call, Create"/>
     </edge>
     <edge source="9387" target="4554" label="colorDialog.java(Depends On)seekbarUtils.java">
             <att type="string" name="edge.targetArrowShape" value="ARROW"/>
             <att type="string" name="edge.color" value="#0000FF"/>
             <att type="string" name="canonicalName" value="colorDialog.java(Depends On)seekbarUtils.java"/>
             <att type="string" name="interaction" value="Depends On"/>
             <att type="string" name="dependency kind" value="Call"/>
     </edge>
     <edge source="9387" target="12656" label="colorDialog.java(Depends On)viewUtils.java">
             <att type="string" name="edge.targetArrowShape" value="ARROW"/>
             <att type="string" name="edge.color" value="#0000FF"/>
             <att type="string" name="canonicalName" value="colorDialog.java(Depends On)viewUtils.java"/>
             <att type="string" name="interaction" value="Depends On"/>
             <att type="string" name="dependency kind" value="Call"/>
     </edge>
     <edge source="9387" target="14476" label="colorDialog.java(Depends On)rgbTextWatcher.java">
             <att type="string" name="edge.targetArrowShape" value="ARROW"/>
             <att type="string" name="edge.color" value="#0000FF"/>
             <att type="string" name="canonicalName" value="colorDialog.java(Depends On)rgbTextWatcher.java"/>
             <att type="string" name="interaction" value="Depends On"/>
             <att type="string" name="dependency kind" value="Call, Create"/>
     </edge>
     <edge source="14476" target="14407" label="rgbTextWatcher.java(Depends On)editsUtils.java">
             <att type="string" name="edge.targetArrowShape" value="ARROW"/>
             <att type="string" name="edge.color" value="#0000FF"/>
             <att type="string" name="canonicalName" value="rgbTextWatcher.java(Depends On)editsUtils.java"/>
             <att type="string" name="interaction" value="Depends On"/>
             <att type="string" name="dependency kind" value="Call"/>
     </edge>
     <edge source="14476" target="11137" label="rgbTextWatcher.java(Depends On)R.java">
             <att type="string" name="edge.targetArrowShape" value="ARROW"/>
             <att type="string" name="edge.color" value="#0000FF"/>
             <att type="string" name="canonicalName" value="rgbTextWatcher.java(Depends On)R.java"/>
             <att type="string" name="interaction" value="Depends On"/>
             <att type="string" name="dependency kind" value="Use"/>
     </edge>
     <edge source="14476" target="4554" label="rgbTextWatcher.java(Depends On)seekbarUtils.java">
             <att type="string" name="edge.targetArrowShape" value="ARROW"/>
             <att type="string" name="edge.color" value="#0000FF"/>
             <att type="string" name="canonicalName" value="rgbTextWatcher.java(Depends On)seekbarUtils.java"/>
             <att type="string" name="interaction" value="Depends On"/>
             <att type="string" name="dependency kind" value="Call"/>
     </edge>
     <edge source="14476" target="12656" label="rgbTextWatcher.java(Depends On)viewUtils.java">
             <att type="string" name="edge.targetArrowShape" value="ARROW"/>
             <att type="string" name="edge.color" value="#0000FF"/>
             <att type="string" name="canonicalName" value="rgbTextWatcher.java(Depends On)viewUtils.java"/>
             <att type="string" name="interaction" value="Depends On"/>
             <att type="string" name="dependency kind" value="Call"/>
     </edge>
     <edge source="14439" target="9253" label="MainActivity.java(Depends On)Preferences.java">
             <att type="string" name="edge.targetArrowShape" value="ARROW"/>
             <att type="string" name="edge.color" value="#0000FF"/>
             <att type="string" name="canonicalName" value="MainActivity.java(Depends On)Preferences.java"/>
             <att type="string" name="interaction" value="Depends On"/>
             <att type="string" name="dependency kind" value="Call"/>
     </edge>
     <edge source="14439" target="9387" label="MainActivity.java(Depends On)colorDialog.java">
             <att type="string" name="edge.targetArrowShape" value="ARROW"/>
             <att type="string" name="edge.color" value="#0000FF"/>
             <att type="string" name="canonicalName" value="MainActivity.java(Depends On)colorDialog.java"/>
             <att type="string" name="interaction" value="Depends On"/>
             <att type="string" name="dependency kind" value="Implement, Call, Import"/>
     </edge>
     <edge source="14439" target="12838" label="MainActivity.java(Depends On)R.java">
             <att type="string" name="edge.targetArrowShape" value="ARROW"/>
             <att type="string" name="edge.color" value="#0000FF"/>
             <att type="string" name="canonicalName" value="MainActivity.java(Depends On)R.java"/>
             <att type="string" name="interaction" value="Depends On"/>
             <att type="string" name="dependency kind" value="Use"/>
     </edge>
</graph>