<?xml version="1.0" encoding="UTF-8"?>
<graph xmlns:dc="http://purl.org/dc/elements/1.1/" xmlns:rdf="http://www.w3.org/1999/02/22-rdf-syntax-ns#" xmlns:cy="http://www.cytoscape.org" xmlns="http://www.cs.rpi.edu/XGMML" label=" File Dependencies" Directed="0" Graphic="0" Layout="Circular">
       <att name="documentVersion" value="1.1"/>
       <att name="networkMetadata">
               <rdf:RDF>
                       <rdf:Description rdf:about="http://www.cytoscape.org/">
                               <dc:type>File Dependencies</dc:type>
                               <dc:description/>
                               <dc:identifier>-</dc:identifier>
                               <dc:date/>
                               <dc:title/>
                               <dc:source>http://localhost/?p=</dc:source>
                               <dc:format>Cytoscape-XGMML</dc:format>
                       </rdf:Description>
               </rdf:RDF>
       </att>
   <node id="15" label="Splash.java id:15">
           <att type="string" name="node.shape" value="rect"/>
           <att type="string" name="node.fontSize" value="5"/>
           <att type="string" name="node.label" value="Splash.java"/>
           <att type="string" name="longName" value="/Users/rnkazman/Repos/Bundling_project/acrylicpaint/acrylicPaintIOriginal/app/src/main/java/anupam/acrylic/Splash.java"/>
           <graphics type="RECTANGLE" h="35" w="35" x="0" y="0" fill="#ffffff" width="1" outline="#000000" cy:nodeTransparency="1.0" cy:nodeLabelFont="Default-0-8" cy:borderLineType="solid"/>
   </node>
   <node id="47" label="GraphicsActivity.java id:47">
           <att type="string" name="node.shape" value="rect"/>
           <att type="string" name="node.fontSize" value="5"/>
           <att type="string" name="node.label" value="GraphicsActivity.java"/>
           <att type="string" name="longName" value="/Users/rnkazman/Repos/Bundling_project/acrylicpaint/acrylicPaintIOriginal/app/src/main/java/anupam/acrylic/GraphicsActivity.java"/>
           <graphics type="RECTANGLE" h="35" w="35" x="115" y="0" fill="#ffffff" width="1" outline="#000000" cy:nodeTransparency="1.0" cy:nodeLabelFont="Default-0-8" cy:borderLineType="solid"/>
   </node>
   <node id="565" label="ColorPickerDialog.java id:565">
           <att type="string" name="node.shape" value="rect"/>
           <att type="string" name="node.fontSize" value="5"/>
           <att type="string" name="node.label" value="ColorPickerDialog.java"/>
           <att type="string" name="longName" value="/Users/rnkazman/Repos/Bundling_project/acrylicpaint/acrylicPaintIOriginal/app/src/main/java/anupam/acrylic/ColorPickerDialog.java"/>
           <graphics type="RECTANGLE" h="35" w="35" x="230" y="0" fill="#ffffff" width="1" outline="#000000" cy:nodeTransparency="1.0" cy:nodeLabelFont="Default-0-8" cy:borderLineType="solid"/>
   </node>
   <node id="663" label="AboutActivity.java id:663">
           <att type="string" name="node.shape" value="rect"/>
           <att type="string" name="node.fontSize" value="5"/>
           <att type="string" name="node.label" value="AboutActivity.java"/>
           <att type="string" name="longName" value="/Users/rnkazman/Repos/Bundling_project/acrylicpaint/acrylicPaintIOriginal/app/src/main/java/anupam/acrylic/AboutActivity.java"/>
           <graphics type="RECTANGLE" h="35" w="35" x="0" y="115" fill="#ffffff" width="1" outline="#000000" cy:nodeTransparency="1.0" cy:nodeLabelFont="Default-0-8" cy:borderLineType="solid"/>
   </node>
   <node id="61" label="EasyPaint.java id:61">
           <att type="string" name="node.shape" value="rect"/>
           <att type="string" name="node.fontSize" value="5"/>
           <att type="string" name="node.label" value="EasyPaint.java"/>
           <att type="string" name="longName" value="/Users/rnkazman/Repos/Bundling_project/acrylicpaint/acrylicPaintIOriginal/app/src/main/java/anupam/acrylic/EasyPaint.java"/>
           <graphics type="RECTANGLE" h="35" w="35" x="115" y="115" fill="#ffffff" width="1" outline="#000000" cy:nodeTransparency="1.0" cy:nodeLabelFont="Default-0-8" cy:borderLineType="solid"/>
   </node>
   <node id="470" label="PictureLayout.java id:470">
           <att type="string" name="node.shape" value="rect"/>
           <att type="string" name="node.fontSize" value="5"/>
           <att type="string" name="node.label" value="PictureLayout.java"/>
           <att type="string" name="longName" value="/Users/rnkazman/Repos/Bundling_project/acrylicpaint/acrylicPaintIOriginal/app/src/main/java/anupam/acrylic/PictureLayout.java"/>
           <graphics type="RECTANGLE" h="35" w="35" x="230" y="115" fill="#ffffff" width="1" outline="#000000" cy:nodeTransparency="1.0" cy:nodeLabelFont="Default-0-8" cy:borderLineType="solid"/>
   </node>
   <node id="728" label="Places.java id:728">
           <att type="string" name="node.shape" value="rect"/>
           <att type="string" name="node.fontSize" value="5"/>
           <att type="string" name="node.label" value="Places.java"/>
           <att type="string" name="longName" value="/Users/rnkazman/Repos/Bundling_project/acrylicpaint/acrylicPaintIOriginal/app/src/main/java/anupam/acrylic/Places.java"/>
           <graphics type="RECTANGLE" h="35" w="35" x="0" y="230" fill="#ffffff" width="1" outline="#000000" cy:nodeTransparency="1.0" cy:nodeLabelFont="Default-0-8" cy:borderLineType="solid"/>
   </node>
   <node id="720" label="BuildConfig.java id:720">
           <att type="string" name="node.shape" value="rect"/>
           <att type="string" name="node.fontSize" value="5"/>
           <att type="string" name="node.label" value="BuildConfig.java"/>
           <att type="string" name="longName" value="/Users/rnkazman/Repos/Bundling_project/acrylicpaint/acrylicPaintIOriginal/app/build/generated/source/buildConfig/debug/anupam/acrylic/BuildConfig.java"/>
           <graphics type="RECTANGLE" h="35" w="35" x="115" y="230" fill="#ffffff" width="1" outline="#000000" cy:nodeTransparency="1.0" cy:nodeLabelFont="Default-0-8" cy:borderLineType="solid"/>
   </node>
   <node id="1" label="BuildConfig.java id:1">
           <att type="string" name="node.shape" value="rect"/>
           <att type="string" name="node.fontSize" value="5"/>
           <att type="string" name="node.label" value="BuildConfig.java"/>
           <att type="string" name="longName" value="/Users/rnkazman/Repos/Bundling_project/acrylicpaint/acrylicPaintIOriginal/app/build/generated/source/buildConfig/androidTest/debug/anupam/acrylic/test/BuildConfig.java"/>
           <graphics type="RECTANGLE" h="35" w="35" x="230" y="230" fill="#ffffff" width="1" outline="#000000" cy:nodeTransparency="1.0" cy:nodeLabelFont="Default-0-8" cy:borderLineType="solid"/>
   </node>
   <node id="678" label="R.java id:678">
           <att type="string" name="node.shape" value="rect"/>
           <att type="string" name="node.fontSize" value="5"/>
           <att type="string" name="node.label" value="R.java"/>
           <att type="string" name="longName" value="/Users/rnkazman/Repos/Bundling_project/acrylicpaint/acrylicPaintIOriginal/app/build/generated/source/r/debug/anupam/acrylic/R.java"/>
           <graphics type="RECTANGLE" h="35" w="35" x="0" y="345" fill="#ffffff" width="1" outline="#000000" cy:nodeTransparency="1.0" cy:nodeLabelFont="Default-0-8" cy:borderLineType="solid"/>
   </node>
     <edge source="15" target="678" label="Splash.java(Depends On)R.java">
             <att type="string" name="edge.targetArrowShape" value="ARROW"/>
             <att type="string" name="edge.color" value="#0000FF"/>
             <att type="string" name="canonicalName" value="Splash.java(Depends On)R.java"/>
             <att type="string" name="interaction" value="Depends On"/>
             <att type="string" name="dependency kind" value="Import, Use"/>
     </edge>
     <edge source="47" target="470" label="GraphicsActivity.java(Depends On)PictureLayout.java">
             <att type="string" name="edge.targetArrowShape" value="ARROW"/>
             <att type="string" name="edge.color" value="#0000FF"/>
             <att type="string" name="canonicalName" value="GraphicsActivity.java(Depends On)PictureLayout.java"/>
             <att type="string" name="interaction" value="Depends On"/>
             <att type="string" name="dependency kind" value="Call, Create"/>
     </edge>
     <edge source="565" target="61" label="ColorPickerDialog.java(Depends On)EasyPaint.java">
             <att type="string" name="edge.targetArrowShape" value="ARROW"/>
             <att type="string" name="edge.color" value="#0000FF"/>
             <att type="string" name="canonicalName" value="ColorPickerDialog.java(Depends On)EasyPaint.java"/>
             <att type="string" name="interaction" value="Depends On"/>
             <att type="string" name="dependency kind" value="Use"/>
     </edge>
     <edge source="565" target="678" label="ColorPickerDialog.java(Depends On)R.java">
             <att type="string" name="edge.targetArrowShape" value="ARROW"/>
             <att type="string" name="edge.color" value="#0000FF"/>
             <att type="string" name="canonicalName" value="ColorPickerDialog.java(Depends On)R.java"/>
             <att type="string" name="interaction" value="Depends On"/>
             <att type="string" name="dependency kind" value="Use"/>
     </edge>
     <edge source="663" target="678" label="AboutActivity.java(Depends On)R.java">
             <att type="string" name="edge.targetArrowShape" value="ARROW"/>
             <att type="string" name="edge.color" value="#0000FF"/>
             <att type="string" name="canonicalName" value="AboutActivity.java(Depends On)R.java"/>
             <att type="string" name="interaction" value="Depends On"/>
             <att type="string" name="dependency kind" value="Use"/>
     </edge>
     <edge source="61" target="47" label="EasyPaint.java(Depends On)GraphicsActivity.java">
             <att type="string" name="edge.targetArrowShape" value="ARROW"/>
             <att type="string" name="edge.color" value="#0000FF"/>
             <att type="string" name="canonicalName" value="EasyPaint.java(Depends On)GraphicsActivity.java"/>
             <att type="string" name="interaction" value="Depends On"/>
             <att type="string" name="dependency kind" value="Extend, Call"/>
     </edge>
     <edge source="61" target="565" label="EasyPaint.java(Depends On)ColorPickerDialog.java">
             <att type="string" name="edge.targetArrowShape" value="ARROW"/>
             <att type="string" name="edge.color" value="#0000FF"/>
             <att type="string" name="canonicalName" value="EasyPaint.java(Depends On)ColorPickerDialog.java"/>
             <att type="string" name="interaction" value="Depends On"/>
             <att type="string" name="dependency kind" value="Implement, Call, Create"/>
     </edge>
     <edge source="61" target="728" label="EasyPaint.java(Depends On)Places.java">
             <att type="string" name="edge.targetArrowShape" value="ARROW"/>
             <att type="string" name="edge.color" value="#0000FF"/>
             <att type="string" name="canonicalName" value="EasyPaint.java(Depends On)Places.java"/>
             <att type="string" name="interaction" value="Depends On"/>
             <att type="string" name="dependency kind" value="Call"/>
     </edge>
     <edge source="61" target="678" label="EasyPaint.java(Depends On)R.java">
             <att type="string" name="edge.targetArrowShape" value="ARROW"/>
             <att type="string" name="edge.color" value="#0000FF"/>
             <att type="string" name="canonicalName" value="EasyPaint.java(Depends On)R.java"/>
             <att type="string" name="interaction" value="Depends On"/>
             <att type="string" name="dependency kind" value="Use"/>
     </edge>
</graph>